ID,Address,Name,Employees
1, Verschurestraat 5B Hilversum 1222CL, Thuis,4
2, 735 Dolores St San Francisco CA 94119 USA, Bready Shop,15
3, De Ruyterkade 6C Amsterdam 1013AA, Super River,25
4, 3995 23rd St San Francisco CA 94114 USA, Ben's Shop,10
5,1056 Sanchez St San Francisco California USA,Sanchez,12
1, Verschurestraat 5B Hilversum 1222CL, Thuis,4
2, 735 Dolores St San Francisco CA 94119 USA, Bready Shop,15
3, De Ruyterkade 6C Amsterdam 1013AA, Super River,25
4, 3995 23rd St San Francisco CA 94114 USA, Ben's Shop,10
5,1056 Sanchez St San Francisco California USA,Sanchez,12
1, Verschurestraat 5B Hilversum 1222CL, Thuis,4
2, 735 Dolores St San Francisco CA 94119 USA, Bready Shop,15
3, De Ruyterkade 6C Amsterdam 1013AA, Super River,25
4, 3995 23rd St San Francisco CA 94114 USA, Ben's Shop,10
5,1056 Sanchez St San Francisco California USA,Sanchez,12
1, Verschurestraat 5B Hilversum 1222CL, Thuis,4
2, 735 Dolores St San Francisco CA 94119 USA, Bready Shop,15
3, De Ruyterkade 6C Amsterdam 1013AA, Super River,25
4, 3995 23rd St San Francisco CA 94114 USA, Ben's Shop,10
5,1056 Sanchez St San Francisco California USA,Sanchez,12
1, Verschurestraat 5B Hilversum 1222CL, Thuis,4
2, 735 Dolores St San Francisco CA 94119 USA, Bready Shop,15
3, De Ruyterkade 6C Amsterdam 1013AA, Super River,25
4, 3995 23rd St San Francisco CA 94114 USA, Ben's Shop,10
5,1056 Sanchez St San Francisco California USA,Sanchez,12
1, Verschurestraat 5B Hilversum 1222CL, Thuis,4
2, 735 Dolores St San Francisco CA 94119 USA, Bready Shop,15
3, De Ruyterkade 6C Amsterdam 1013AA, Super River,25
4, 3995 23rd St San Francisco CA 94114 USA, Ben's Shop,10
5,1056 Sanchez St San Francisco California USA,Sanchez,12
1, Verschurestraat 5B Hilversum 1222CL, Thuis,4
2, 735 Dolores St San Francisco CA 94119 USA, Bready Shop,15
3, De Ruyterkade 6C Amsterdam 1013AA, Super River,25
4, 3995 23rd St San Francisco CA 94114 USA, Ben's Shop,10
5,1056 Sanchez St San Francisco California USA,Sanchez,12
1, Verschurestraat 5B Hilversum 1222CL, Thuis,4
2, 735 Dolores St San Francisco CA 94119 USA, Bready Shop,15
3, De Ruyterkade 6C Amsterdam 1013AA, Super River,25
4, 3995 23rd St San Francisco CA 94114 USA, Ben's Shop,10
5,1056 Sanchez St San Francisco California USA,Sanchez,12
1, Verschurestraat 5B Hilversum 1222CL, Thuis,4
2, 735 Dolores St San Francisco CA 94119 USA, Bready Shop,15
3, De Ruyterkade 6C Amsterdam 1013AA, Super River,25
4, 3995 23rd St San Francisco CA 94114 USA, Ben's Shop,10
5,1056 Sanchez St San Francisco California USA,Sanchez,12
1, Verschurestraat 5B Hilversum 1222CL, Thuis,4
2, 735 Dolores St San Francisco CA 94119 USA, Bready Shop,15
3, De Ruyterkade 6C Amsterdam 1013AA, Super River,25
4, 3995 23rd St San Francisco CA 94114 USA, Ben's Shop,10
5,1056 Sanchez St San Francisco California USA,Sanchez,12
1, Verschurestraat 5B Hilversum 1222CL, Thuis,4
2, 735 Dolores St San Francisco CA 94119 USA, Bready Shop,15
3, De Ruyterkade 6C Amsterdam 1013AA, Super River,25
4, 3995 23rd St San Francisco CA 94114 USA, Ben's Shop,10
5,1056 Sanchez St San Francisco California USA,Sanchez,12
1, Verschurestraat 5B Hilversum 1222CL, Thuis,4
2, 735 Dolores St San Francisco CA 94119 USA, Bready Shop,15
3, De Ruyterkade 6C Amsterdam 1013AA, Super River,25
4, 3995 23rd St San Francisco CA 94114 USA, Ben's Shop,10
5,1056 Sanchez St San Francisco California USA,Sanchez,12
1, Verschurestraat 5B Hilversum 1222CL, Thuis,4
2, 735 Dolores St San Francisco CA 94119 USA, Bready Shop,15
3, De Ruyterkade 6C Amsterdam 1013AA, Super River,25
4, 3995 23rd St San Francisco CA 94114 USA, Ben's Shop,10
5,1056 Sanchez St San Francisco California USA,Sanchez,12
1, Verschurestraat 5B Hilversum 1222CL, Thuis,4
2, 735 Dolores St San Francisco CA 94119 USA, Bready Shop,15
3, De Ruyterkade 6C Amsterdam 1013AA, Super River,25
4, 3995 23rd St San Francisco CA 94114 USA, Ben's Shop,10
5,1056 Sanchez St San Francisco California USA,Sanchez,12
1, Verschurestraat 5B Hilversum 1222CL, Thuis,4
2, 735 Dolores St San Francisco CA 94119 USA, Bready Shop,15
3, De Ruyterkade 6C Amsterdam 1013AA, Super River,25
4, 3995 23rd St San Francisco CA 94114 USA, Ben's Shop,10
5,1056 Sanchez St San Francisco California USA,Sanchez,12
1, Verschurestraat 5B Hilversum 1222CL, Thuis,4
2, 735 Dolores St San Francisco CA 94119 USA, Bready Shop,15
3, De Ruyterkade 6C Amsterdam 1013AA, Super River,25
4, 3995 23rd St San Francisco CA 94114 USA, Ben's Shop,10
5,1056 Sanchez St San Francisco California USA,Sanchez,12
1, Verschurestraat 5B Hilversum 1222CL, Thuis,4
2, 735 Dolores St San Francisco CA 94119 USA, Bready Shop,15
3, De Ruyterkade 6C Amsterdam 1013AA, Super River,25
4, 3995 23rd St San Francisco CA 94114 USA, Ben's Shop,10
5,1056 Sanchez St San Francisco California USA,Sanchez,12
1, Verschurestraat 5B Hilversum 1222CL, Thuis,4
2, 735 Dolores St San Francisco CA 94119 USA, Bready Shop,15
3, De Ruyterkade 6C Amsterdam 1013AA, Super River,25
4, 3995 23rd St San Francisco CA 94114 USA, Ben's Shop,10
5,1056 Sanchez St San Francisco California USA,Sanchez,12

